{"cameraMode":{"drawMode":0,"name":"Shaded","section":"Shading Mode"},"sceneLighting":false,"audioPlay":false,"sceneViewState":{"m_AlwaysRefresh":false,"showFog":true,"showSkybox":false,"showFlares":true,"showImageEffects":true,"showParticleSystems":true,"showVisualEffectGraphs":true,"m_FxEnabled":true},"in2DMode":false,"pivot":{"x":-0.02247902750968933,"y":0.3981790542602539,"z":0.3821449279785156},"rotation":{"x":0.3637404441833496,"y":0.009235426783561707,"z":-0.003614212851971388,"w":0.9314364790916443},"size":7.071067810058594,"orthographic":false}