{"cameraMode":{"drawMode":0,"name":"Shaded","section":"Shading Mode"},"sceneLighting":false,"audioPlay":false,"sceneViewState":{"m_AlwaysRefresh":false,"showFog":true,"showSkybox":false,"showFlares":true,"showImageEffects":true,"showParticleSystems":true,"showVisualEffectGraphs":true,"m_FxEnabled":true},"in2DMode":false,"pivot":{"x":274.27337646484377,"y":283.3800048828125,"z":-2.489000082015991},"rotation":{"x":0.10163240134716034,"y":0.19361595809459687,"z":-0.020182035863399507,"w":0.9755793213844299},"size":0.7088714838027954,"orthographic":false}